#WIDTH: 38,14,25,25,25,50,8,15,28,12,18,22,30,12
#ALIGN: left,left,left,left,left,left,center,center,left,center,left,left,left,center
Parameter Name,Category,Production,Test,DR,Description,Required,Data Type,Validation Rules,Security Level,Owner Team,Dependencies,Notes,Last Updated
solution.name,Project,medcore-cds,medcore-cds,medcore-cds,Solution identifier used for resource naming and tagging across all environments,Yes,String,lowercase alphanumeric hyphens only max 50 chars,Public,Cloud CoE,,,2025-06-18
solution.region.primary,Project,us-east-1,us-east-1,us-west-2,Primary AWS region for all active CDS Platform resources,Yes,String,Valid AWS region code,Public,Cloud CoE,,DR region is us-west-2 passive standby per SOW multi-region design,2025-06-18
solution.region.dr,Project,us-west-2,us-west-2,us-west-2,Passive disaster recovery AWS region for CDS Platform,Yes,String,Valid AWS region code,Public,Cloud CoE,solution.region.primary,Route 53 health-check failover promotes DR region; RTO target ≤ 4 hours,2025-06-18
solution.environment,Project,prod,qa,prod,Deployment environment identifier used in all resource names and tags,Yes,String,"prod|staging|qa|dev",Public,Cloud CoE,,DR environment mirrors production configuration,2025-06-18
solution.account_id,Project,[aws-account-id],[aws-account-id],[aws-account-id],Dedicated AWS account ID under MedCore Clinical Applications OU,Yes,String,12-digit numeric,Confidential,Cloud CoE,,Dedicated CDS account under Clinical Applications OU per SOW scope,2025-06-18
solution.opportunity_no,Project,OPP-2026-0047,OPP-2026-0047,OPP-2026-0047,Amatra opportunity number for cost allocation and billing reference,Yes,String,OPP-YYYY-NNNN format,Public,Cloud CoE,,Referenced on all Amatra invoices per SOW Terms section,2025-06-18
solution.phase,Project,phase1,phase1,phase1,Current active delivery phase; updated at each phase go-live milestone,Yes,String,"phase1|phase2|phase3",Public,Cloud CoE,,Phase 1 go-live target 2026-10-31; Phase 2 by 2027-02-28; Phase 3 by 2027-06-30,2025-06-18
aws.organization_ou,Project,Clinical Applications OU,Clinical Applications OU,Clinical Applications OU,AWS Organizations OU under which the CDS account is provisioned,Yes,String,Valid OU name or ID,Confidential,Cloud CoE,solution.account_id,SCPs at OU level prevent PHI leaving US regions and block direct console changes in production,2025-06-18
application.name,Application,medcore-cds,medcore-cds,medcore-cds,Application identifier used for logging and monitoring across all tiers,Yes,String,Alphanumeric and hyphens max 50 chars,Public,Development,solution.name,,2025-06-18
application.version,Application,1.0.0,1.0.0,1.0.0,Current application version; updated on each production deployment,Yes,String,Semantic versioning X.Y.Z,Public,Development,,Follows blue/green deployment; version must match SageMaker Model Registry promoted version,2025-06-18
application.log_level,Application,info,debug,info,Logging verbosity for all ECS Fargate tasks and Lambda functions,Yes,String,"debug|info|warn|error",Public,Operations,,Production and DR use info; QA uses debug per SOW environment strategy,2025-06-18
application.port,Application,8080,8080,8080,Application server port for ECS Fargate clinical dashboard and API backend containers,Yes,Integer,1024-65535,Public,Development,networking.alb_dashboard_id,ALB Security Group must allow inbound on this port from ALB only; no direct public access,2025-06-18
application.timeout_seconds,Application,30,30,30,HTTP request timeout in seconds for clinical dashboard API endpoints,Yes,Integer,1-300,Public,Development,,Must exceed inference latency budget; dashboard API timeout aligned to 3-second SLA,2025-06-18
application.concurrency_max,Application,12,4,12,Maximum ECS Fargate task count for dashboard and API backend auto-scaling ceiling,Yes,Integer,1-100,Public,Development,compute.ecs.scaling_min,Ceiling sized for 18-hospital peak load; scale-out triggered on ALB request count per task,2025-06-18
application.session_timeout_hours,Application,8,8,8,Clinical dashboard session token expiry in hours aligned to clinical shift length,Yes,Integer,1-24,Public,Security Team,security.cognito.user_pool_id,Cognito session expiry must match; aligned to Azure AD SAML re-authentication policy per security design,2025-06-18
compute.ecs.cluster_name,Compute,medcore-cds-prod-cluster,medcore-cds-qa-cluster,medcore-cds-prod-cluster,ECS cluster name for dashboard and API backend Fargate tasks,Yes,String,medcore-cds-{env}-cluster pattern,Public,Cloud CoE,solution.environment,,2025-06-18
compute.ecs.task_cpu,Compute,2048,1024,2048,CPU units allocated per ECS Fargate task (1024 = 1 vCPU),Yes,Integer,"256|512|1024|2048|4096",Public,Development,,2 vCPU per task per detailed design compute sizing; scale to 4096 if P95 latency elevated,2025-06-18
compute.ecs.task_memory_mb,Compute,4096,2048,4096,Memory in MB allocated per ECS Fargate task,Yes,Integer,"512|1024|2048|4096|8192|16384",Public,Development,compute.ecs.task_cpu,Must be a valid Fargate CPU/memory combination per AWS documentation,2025-06-18
compute.ecs.scaling_min,Compute,4,2,4,Minimum ECS Fargate task count across all AZs for dashboard and API tiers,Yes,Integer,1-100,Public,Operations,,Minimum 4 tasks ensures at least 2 per AZ across 2 AZs; supports 99.95% availability SLA,2025-06-18
compute.ecs.scaling_max,Compute,12,4,12,Maximum ECS Fargate task count for auto-scaling ceiling,Yes,Integer,1-200,Public,Operations,compute.ecs.scaling_min,Ceiling sized for 18-hospital concurrent peak; scale-out on ALB request count metric,2025-06-18
compute.lambda.fhir_connector.memory_mb,Compute,1024,512,1024,Memory in MB for Epic FHIR R4 connector Lambda function,Yes,Integer,128-10240,Public,Development,,Sized for JSON parsing and Kinesis produce operations; increase if P99 latency exceeds 500ms,2025-06-18
compute.lambda.fhir_connector.timeout_seconds,Compute,30,30,30,Timeout in seconds for Epic FHIR R4 connector Lambda function,Yes,Integer,1-900,Public,Development,compute.lambda.fhir_connector.memory_mb,Must complete within 30s including schema validation and Kinesis produce,2025-06-18
compute.lambda.hl7_adapter.memory_mb,Compute,1024,512,1024,Memory in MB for HL7 v2.3 Mirth Connect adapter Lambda function,Yes,Integer,128-10240,Public,Development,,Processes ADT and ORU message types from Mirth Connect via PrivateLink,2025-06-18
compute.lambda.hl7_adapter.timeout_seconds,Compute,30,30,30,Timeout in seconds for HL7 v2.3 Mirth Connect adapter Lambda function,Yes,Integer,1-900,Public,Development,compute.lambda.hl7_adapter.memory_mb,Must complete within 30s including HL7 segment parsing and Kinesis produce,2025-06-18
compute.lambda.inference_orchestrator.memory_mb,Compute,2048,1024,2048,Memory in MB for inference orchestrator Lambda (retrieves features and invokes SageMaker endpoints),Yes,Integer,128-10240,Public,Development,,Must accommodate ElastiCache read + SageMaker invoke + Bedrock invoke within 3-second budget,2025-06-18
compute.lambda.alert_router.memory_mb,Compute,512,256,512,Memory in MB for alert routing Lambda (EventBridge to SNS and Epic CDS Hooks write-back),Yes,Integer,128-10240,Public,Development,cache.elasticache.cluster_id,Handles duplicate suppression via Redis and alert persistence to RDS Aurora,2025-06-18
compute.sagemaker.sepsis_endpoint.instance_type,Compute,ml.m5.xlarge,ml.m5.large,ml.m5.xlarge,SageMaker real-time inference endpoint instance type for sepsis risk model,Yes,String,Valid SageMaker instance type,Public,Cloud CoE,compute.sagemaker.sepsis_endpoint.min_instances,Upgrade to ml.m5.2xlarge if CPU exceeds 70% at peak load per monitoring thresholds,2025-06-18
compute.sagemaker.sepsis_endpoint.min_instances,Compute,2,1,2,Minimum instance count for sepsis SageMaker endpoint; ensures multi-AZ coverage,Yes,Integer,1-10,Public,Cloud CoE,,Minimum 2 required for 99.95% availability SLA; auto-scales up to 6 at peak load,2025-06-18
compute.sagemaker.sepsis_endpoint.max_instances,Compute,6,2,6,Maximum instance count for sepsis SageMaker endpoint auto-scaling policy,Yes,Integer,1-100,Public,Cloud CoE,compute.sagemaker.sepsis_endpoint.min_instances,Scale-out on SageMakerVariantInvocationsPerInstance metric at 70% CPU threshold,2025-06-18
compute.sagemaker.readmission_endpoint.instance_type,Compute,ml.m5.xlarge,ml.m5.large,ml.m5.xlarge,SageMaker real-time inference endpoint instance type for 30-day readmission model (Phase 2),Yes,String,Valid SageMaker instance type,Public,Cloud CoE,compute.sagemaker.readmission_endpoint.min_instances,Phase 2 model; deployed by 2027-02-28 per SOW milestone M6,2025-06-18
compute.sagemaker.readmission_endpoint.min_instances,Compute,2,1,2,Minimum instance count for readmission SageMaker endpoint,Yes,Integer,1-10,Public,Cloud CoE,,Phase 2 deployment; same sizing pattern as sepsis endpoint,2025-06-18
compute.sagemaker.rapid_response_endpoint.instance_type,Compute,ml.m5.xlarge,ml.m5.large,ml.m5.xlarge,SageMaker real-time inference endpoint instance type for rapid-response / early deterioration model (Phase 2),Yes,String,Valid SageMaker instance type,Public,Cloud CoE,compute.sagemaker.rapid_response_endpoint.min_instances,Phase 2 model; deployed by 2027-02-28 per SOW milestone M6,2025-06-18
compute.sagemaker.rapid_response_endpoint.min_instances,Compute,2,1,2,Minimum instance count for rapid-response SageMaker endpoint,Yes,Integer,1-10,Public,Cloud CoE,,Phase 2 deployment; same HA sizing pattern as sepsis endpoint,2025-06-18
compute.sagemaker.training.instance_type,Compute,ml.p3.2xlarge,ml.m5.xlarge,ml.p3.2xlarge,SageMaker training job instance type for weekly model retraining pipelines,Yes,String,Valid SageMaker instance type,Public,Cloud CoE,,On-demand only; no standing instances; Spot training available for non-critical retraining runs,2025-06-18
database.aurora.cluster_identifier,Database,medcore-cds-prod-aurora-cluster,medcore-cds-qa-aurora-cluster,medcore-cds-prod-aurora-cluster,RDS Aurora PostgreSQL cluster identifier for risk scores and alert history,Yes,String,medcore-cds-{env}-aurora-cluster pattern,Confidential,Database Team,solution.environment,Stores risk scores and alert history; PHI-adjacent data; KMS encrypted at rest,2025-06-18
database.aurora.instance_type,Database,db.r6g.large,db.r6g.medium,db.r6g.large,RDS Aurora PostgreSQL instance class for primary and replica nodes,Yes,String,Valid RDS instance class,Public,Database Team,database.aurora.cluster_identifier,db.r6g.large per detailed design compute sizing; scale up if replica lag exceeds 5 seconds,2025-06-18
database.aurora.multi_az_enabled,Database,true,false,true,Enable Multi-AZ replication for Aurora PostgreSQL primary instance,Yes,Boolean,true|false,Public,Database Team,database.aurora.cluster_identifier,Must be true in production and DR to meet 99.95% availability SLA; 30-60s automatic failover,2025-06-18
database.aurora.backup_retention_days,Database,35,7,35,Automated snapshot retention period in days for Aurora PostgreSQL,Yes,Integer,1-35,Public,Database Team,database.aurora.cluster_identifier,35-day maximum enables PITR for full audit window; HIPAA archive via S3 for 7-year minimum,2025-06-18
database.aurora.db_name,Database,medcore_cds,medcore_cds,medcore_cds,Database name within the Aurora PostgreSQL cluster,Yes,String,Lowercase alphanumeric underscores,Confidential,Database Team,database.aurora.cluster_identifier,,2025-06-18
database.aurora.master_username,Database,[aurora-master-username],[aurora-master-username],[aurora-master-username],Aurora PostgreSQL master username stored in Secrets Manager; never in plaintext,Yes,String,Valid PostgreSQL username,Secret,Database Team,security.secrets_manager.aurora_secret_arn,Rotated automatically every 30 days via Secrets Manager RDS rotation Lambda,2025-06-18
database.aurora.master_password,Database,[aurora-master-password],[aurora-master-password],[aurora-master-password],Aurora PostgreSQL master password stored in Secrets Manager; never committed to IaC or code,Yes,String,Min 16 chars with complexity requirements,Secret,Database Team,security.secrets_manager.aurora_secret_arn,30-day automatic rotation via Secrets Manager; never stored in environment variables or logs,2025-06-18
database.aurora.ssl_mode,Database,require,require,require,SSL enforcement mode for Aurora PostgreSQL client connections,Yes,String,"disable|allow|prefer|require|verify-ca|verify-full",Confidential,Security Team,database.aurora.cluster_identifier,HIPAA TLS 1.2+ mandate; all application connections must present valid SSL,2025-06-18
database.aurora.deletion_protection,Database,true,false,true,Enable deletion protection on Aurora cluster to prevent accidental drops,Yes,Boolean,true|false,Public,Database Team,database.aurora.cluster_identifier,Must be true in production and DR; AWS Config rule enforces compliance,2025-06-18
cache.elasticache.cluster_id,Cache,medcore-cds-prod-redis,medcore-cds-qa-redis,medcore-cds-prod-redis,ElastiCache Redis cluster identifier for patient context and feature vector caching,Yes,String,medcore-cds-{env}-redis pattern,Confidential,Infrastructure,solution.environment,Sub-3-second inference SLA requires sub-millisecond cache reads; target cache hit ratio ≥ 90%,2025-06-18
cache.elasticache.node_type,Cache,cache.r7g.large,cache.r6g.medium,cache.r7g.large,ElastiCache Redis node instance type,Yes,String,Valid ElastiCache node type,Public,Infrastructure,cache.elasticache.cluster_id,r7g.large provides 13GB memory; right-size after 90 days of production cache hit ratio data,2025-06-18
cache.elasticache.multi_az_enabled,Cache,true,false,true,Enable Multi-AZ replication with automatic failover for ElastiCache Redis,Yes,Boolean,true|false,Public,Infrastructure,cache.elasticache.cluster_id,Primary (us-east-1a) + replica (us-east-1b); 60-second automatic failover on primary failure,2025-06-18
cache.elasticache.at_rest_encryption,Cache,true,true,true,Enable encryption at rest for ElastiCache Redis using dedicated KMS CMK,Yes,Boolean,true|false,Public,Security Team,"cache.elasticache.cluster_id, security.kms.elasticache_key_id",HIPAA PHI protection mandate; separate CMK per data store for blast-radius isolation,2025-06-18
cache.elasticache.ttl_patient_context_seconds,Cache,14400,14400,14400,TTL in seconds for patient feature vector entries in Redis (4 hours = maximum clinical review window),Yes,Integer,60-86400,Public,Development,cache.elasticache.cluster_id,4-hour TTL aligned to active inpatient clinical review window per data architecture design,2025-06-18
cache.elasticache.duplicate_suppression_ttl_seconds,Cache,1800,1800,1800,TTL in seconds for alert duplicate suppression window in Redis (30 minutes per alert type),Yes,Integer,60-3600,Public,Development,cache.elasticache.cluster_id,Prevents repeated same-type alerts per patient within 30-minute window; configurable via SSM,2025-06-18
security.kms.healthlake_key_id,Security,[kms-healthlake-key-id],[kms-healthlake-key-id],[kms-healthlake-key-id],KMS CMK ARN for encrypting Amazon HealthLake PHI FHIR datastore,Yes,String,Valid KMS key ARN or alias,Secret,Security Team,,Dedicated CMK per datastore for blast-radius isolation; annual auto-rotation; CISO holds admin,2025-06-18
security.kms.aurora_key_id,Security,[kms-aurora-key-id],[kms-aurora-key-id],[kms-aurora-key-id],KMS CMK ARN for encrypting RDS Aurora PostgreSQL data at rest,Yes,String,Valid KMS key ARN or alias,Secret,Security Team,,Separate CMK from HealthLake CMK; key deletion requires 30-day waiting period and CISO approval,2025-06-18
security.kms.s3_datalake_key_id,Security,[kms-s3-datalake-key-id],[kms-s3-datalake-key-id],[kms-s3-datalake-key-id],KMS CMK ARN for encrypting S3 data lake buckets (HL7 event archive and ML artefacts),Yes,String,Valid KMS key ARN or alias,Secret,Security Team,,PHI classified as Restricted; separate CMK from audit bucket for blast-radius isolation,2025-06-18
security.kms.s3_audit_key_id,Security,[kms-s3-audit-key-id],[kms-s3-audit-key-id],[kms-s3-audit-key-id],KMS CMK ARN for encrypting S3 CloudTrail audit log delivery bucket,Yes,String,Valid KMS key ARN or alias,Secret,Security Team,,7-year WORM retention via S3 Object Lock Compliance mode; HIPAA §164.312(b) requirement,2025-06-18
security.kms.elasticache_key_id,Security,[kms-elasticache-key-id],[kms-elasticache-key-id],[kms-elasticache-key-id],KMS CMK ARN for encrypting ElastiCache Redis at rest,Yes,String,Valid KMS key ARN or alias,Secret,Security Team,cache.elasticache.cluster_id,Patient feature vectors contain PHI-adjacent data; dedicated CMK per security design,2025-06-18
security.kms.ebs_key_id,Security,[kms-ebs-key-id],[kms-ebs-key-id],[kms-ebs-key-id],KMS CMK ARN for encrypting EBS volumes attached to MSK brokers and SageMaker instances,Yes,String,Valid KMS key ARN or alias,Secret,Security Team,,Covers MSK broker EBS and SageMaker training job storage; annual auto-rotation enabled,2025-06-18
security.kms.key_rotation_enabled,Security,true,true,true,Enable automatic annual rotation for all KMS Customer Managed Keys,Yes,Boolean,true|false,Public,Security Team,,HIPAA and SOC 2 control; AWS Config rule generates non-compliant finding if rotation disabled,2025-06-18
security.cognito.user_pool_id,Security,[cognito-user-pool-id],[cognito-user-pool-id],[cognito-user-pool-id],Amazon Cognito User Pool ID for SAML 2.0 federation and RBAC enforcement,Yes,String,Valid Cognito User Pool ID format,Confidential,Security Team,,Federated to Azure AD via SAML 2.0; enforces 4 clinical role types per IAM design,2025-06-18
security.cognito.client_id,Security,[cognito-app-client-id],[cognito-app-client-id],[cognito-app-client-id],Cognito App Client ID for the clinical dashboard SPA OAuth 2.0 flow,Yes,String,Alphanumeric Cognito client ID,Confidential,Security Team,security.cognito.user_pool_id,JWT issued to this client; validated by Lambda authorizer on all API Gateway calls,2025-06-18
security.saml.azure_ad_metadata_url,Security,[azure-ad-saml-metadata-url],[azure-ad-saml-metadata-url],[azure-ad-saml-metadata-url],Azure Active Directory SAML 2.0 IdP metadata endpoint URL for Cognito federation,Yes,String,Valid HTTPS URL,Confidential,Security Team,security.cognito.user_pool_id,MedCore identity admin must provide SAML metadata by Week 10 per SOW dependency schedule,2025-06-18
security.mfa_enabled,Security,true,false,true,Require multi-factor authentication; enforced at Azure AD layer per MedCore policy,Yes,Boolean,true|false,Public,Security Team,security.saml.azure_ad_metadata_url,MFA enforced by Azure AD (Microsoft Authenticator); Amatra does not modify Azure AD MFA config,2025-06-18
security.cloudtrail_trail_arn,Security,[cloudtrail-trail-arn],[cloudtrail-trail-arn],[cloudtrail-trail-arn],ARN of the organization-level CloudTrail trail for PHI audit logging,Yes,String,Valid CloudTrail trail ARN,Confidential,Security Team,storage.s3.audit_bucket_name,7-year WORM retention; log file validation enabled; disabling generates Critical Security Hub finding,2025-06-18
security.audit_log_retention_years,Security,7,1,7,Audit log retention period in years for CloudTrail PHI access events per HIPAA minimum,Yes,Integer,1-10,Public,Security Team,security.cloudtrail_trail_arn,HIPAA §164.312(b) requires 7-year retention; S3 Object Lock Compliance mode enforces immutability,2025-06-18
security.cloudwatch_log_retention_days,Security,90,30,90,CloudWatch Logs retention period in days for application and infrastructure logs,Yes,Integer,1-3653,Public,Operations,,90-day hot retention; older logs archived to S3 Glacier for cost optimization,2025-06-18
security.waf_enabled,Security,true,false,true,Enable AWS WAF on all ALBs and API Gateway endpoints,Yes,Boolean,true|false,Public,Security Team,networking.alb_dashboard_id,OWASP Top 10 + AWS managed rules + healthcare-specific rule set; WAF logs retained 90 days,2025-06-18
security.guardduty_enabled,Security,true,true,true,Enable Amazon GuardDuty threat detection across the Clinical Applications OU,Yes,Boolean,true|false,Public,Security Team,,Continuous ML-driven threat detection; High/Critical findings page CISO on-call via PagerDuty,2025-06-18
security.config_enabled,Security,true,true,true,Enable AWS Config with HIPAA rule set for continuous compliance monitoring,Yes,Boolean,true|false,Public,Security Team,,HIPAA configuration drift detected within 15 minutes; Critical findings remediated in 24h per SLA,2025-06-18
security.security_hub_enabled,Security,true,true,true,Enable AWS Security Hub for aggregated compliance and security findings,Yes,Boolean,true|false,Public,Security Team,security.config_enabled,Aggregates GuardDuty + Config + Inspector + Macie findings; CISO audit pane for SOC 2 Type II,2025-06-18
security.macie_enabled,Security,true,false,true,Enable Amazon Macie for automated PHI data classification in S3 buckets,Yes,Boolean,true|false,Public,Security Team,storage.s3.datalake_bucket_name,Alerts if PHI found in non-production or non-encrypted buckets; SOC 2 CC6 detective control,2025-06-18
security.secrets_manager.aurora_secret_arn,Security,[aurora-secret-arn],[aurora-secret-arn],[aurora-secret-arn],ARN of the Secrets Manager secret storing Aurora PostgreSQL credentials,Yes,String,Valid Secrets Manager ARN,Secret,Security Team,database.aurora.cluster_identifier,30-day automatic rotation via built-in RDS Lambda; every GetSecretValue call logged to CloudTrail,2025-06-18
security.secrets_manager.epic_oauth_secret_arn,Security,[epic-oauth-secret-arn],[epic-oauth-secret-arn],[epic-oauth-secret-arn],ARN of the Secrets Manager secret storing Epic FHIR R4 SMART on FHIR OAuth 2.0 client credentials,Yes,String,Valid Secrets Manager ARN,Secret,Security Team,integration.epic.fhir_base_url,Rotated per Epic 90-day OAuth token expiry; automatic re-issuance configured in rotation Lambda,2025-06-18
security.secrets_manager.mirth_api_key_arn,Security,[mirth-api-key-arn],[mirth-api-key-arn],[mirth-api-key-arn],ARN of the Secrets Manager secret storing Mirth Connect integration API key,Yes,String,Valid Secrets Manager ARN,Secret,Security Team,integration.mirth.endpoint_url,30-day automatic rotation; never stored in Lambda environment variables or IaC configuration files,2025-06-18
security.secrets_manager.datadog_api_key_arn,Security,[datadog-api-key-arn],[datadog-api-key-arn],[datadog-api-key-arn],ARN of the Secrets Manager secret storing Datadog APM API key,Yes,String,Valid Secrets Manager ARN,Secret,Security Team,monitoring.datadog.site,Rotated annually; injected into ECS task definition at deploy time via Secrets Manager integration,2025-06-18
security.iam.access_analyzer_enabled,Security,true,true,true,Enable IAM Access Analyzer to detect overly permissive resource policies,Yes,Boolean,true|false,Public,Security Team,,Continuously identifies IAM policies granting unintended cross-account or public access,2025-06-18
security.tls_minimum_version,Security,TLSv1.2,TLSv1.2,TLSv1.2,Minimum TLS version enforced on all ALB listeners and API Gateway endpoints,Yes,String,"TLSv1.2|TLSv1.3",Public,Security Team,,HIPAA §164.312(e) mandate; HTTP redirected to HTTPS with 301 on all ALB listeners,2025-06-18
networking.vpc_cidr_primary,Networking,10.10.0.0/16,10.20.0.0/16,10.11.0.0/16,VPC CIDR block for the CDS Platform in the primary region (us-east-1),Yes,String,Valid /16 CIDR block,Confidential,Network Team,,All PHI traffic on private subnets; no public internet traversal for data paths per security design,2025-06-18
networking.subnet_cidr_public_az1,Networking,10.10.0.0/24,10.20.0.0/24,10.11.0.0/24,Public subnet CIDR for AZ1 (ALB and NAT Gateway only; no application workloads),Yes,String,Valid CIDR within VPC CIDR,Confidential,Network Team,networking.vpc_cidr_primary,Only ALBs and NAT Gateways deployed in public subnets per network segmentation design,2025-06-18
networking.subnet_cidr_public_az2,Networking,10.10.1.0/24,10.20.1.0/24,10.11.1.0/24,Public subnet CIDR for AZ2 (ALB and NAT Gateway only; no application workloads),Yes,String,Valid CIDR within VPC CIDR,Confidential,Network Team,networking.vpc_cidr_primary,,2025-06-18
networking.subnet_cidr_app_az1,Networking,10.10.10.0/23,10.20.10.0/23,10.11.10.0/23,Private application subnet CIDR for AZ1 hosting ECS Fargate tasks and VPC-attached Lambdas,Yes,String,Valid CIDR within VPC CIDR,Confidential,Network Team,networking.vpc_cidr_primary,No direct internet routing; all egress via NAT Gateway or PrivateLink,2025-06-18
networking.subnet_cidr_app_az2,Networking,10.10.12.0/23,10.20.12.0/23,10.11.12.0/23,Private application subnet CIDR for AZ2 hosting ECS Fargate tasks and VPC-attached Lambdas,Yes,String,Valid CIDR within VPC CIDR,Confidential,Network Team,networking.vpc_cidr_primary,,2025-06-18
networking.subnet_cidr_app_az3,Networking,10.10.14.0/23,10.20.14.0/23,10.11.14.0/23,Private application subnet CIDR for AZ3 hosting ECS Fargate tasks and VPC-attached Lambdas,Yes,String,Valid CIDR within VPC CIDR,Confidential,Network Team,networking.vpc_cidr_primary,Three AZs required for 99.95% availability SLA per high availability design,2025-06-18
networking.subnet_cidr_data_az1,Networking,10.10.20.0/24,10.20.20.0/24,10.11.20.0/24,Private data subnet CIDR for AZ1 hosting RDS Aurora and ElastiCache Redis,Yes,String,Valid CIDR within VPC CIDR,Confidential,Network Team,networking.vpc_cidr_primary,Data tier subnets allow inbound only from application tier Security Groups,2025-06-18
networking.subnet_cidr_data_az2,Networking,10.10.21.0/24,10.20.21.0/24,10.11.21.0/24,Private data subnet CIDR for AZ2 hosting RDS Aurora replica and ElastiCache replica,Yes,String,Valid CIDR within VPC CIDR,Confidential,Network Team,networking.vpc_cidr_primary,,2025-06-18
networking.nat_gateway_count,Networking,2,1,2,Number of NAT Gateway instances for outbound AWS control-plane calls,Yes,Integer,1-3,Public,Network Team,networking.vpc_cidr_primary,One per AZ (us-east-1a and us-east-1b); PrivateLink eliminates NAT for PHI data paths,2025-06-18
networking.direct_connect_bandwidth_gbps,Networking,1,0,1,Direct Connect hosted connection bandwidth in Gbps from MedCore Nashville DC to AWS us-east-1,Yes,Integer,1-100,Public,Network Team,,Must be provisioned by MedCore by Week 8 per SOW critical path dependency,2025-06-18
networking.vpn_enabled,Networking,true,false,true,Enable site-to-site VPN as secondary failover path for Direct Connect,Yes,Boolean,true|false,Public,Network Team,networking.direct_connect_bandwidth_gbps,IKEv2 with AES-256 encryption; maintains connectivity during any Direct Connect disruption,2025-06-18
networking.alb_dashboard_id,Networking,[alb-dashboard-id],[alb-dashboard-id],[alb-dashboard-id],Application Load Balancer ARN or ID for the clinical dashboard and API backend (multi-AZ),Yes,String,Valid ALB ARN or ID,Confidential,Network Team,networking.vpc_cidr_primary,HTTPS only; WAF attached; terminates TLS 1.2+ at edge per security design,2025-06-18
networking.alb_fhir_inbound_id,Networking,[alb-fhir-inbound-id],[alb-fhir-inbound-id],[alb-fhir-inbound-id],Application Load Balancer ARN or ID for the Epic FHIR R4 subscription inbound endpoint,Yes,String,Valid ALB ARN or ID,Confidential,Network Team,networking.vpc_cidr_primary,Receives Epic FHIR subscription events over Direct Connect; WAF and rate limiting attached,2025-06-18
networking.privatelink_endpoints_enabled,Networking,true,true,true,Enable VPC Interface Endpoints (PrivateLink) for all AWS managed service communications,Yes,Boolean,true|false,Public,Network Team,,Eliminates PHI egress to public internet; covers HealthLake + SageMaker + Bedrock + KMS + S3,2025-06-18
storage.s3.datalake_bucket_name,Storage,[s3-datalake-bucket-name],[s3-datalake-bucket-name],[s3-datalake-bucket-name],S3 bucket name for PHI data lake (HL7 event archives and ML model artefacts),Yes,String,"Globally unique; medcore-cds-{env}-datalake-{account-id} pattern",Confidential,Operations,solution.account_id,Cross-region replication to us-west-2 in real-time; KMS encrypted; Macie PHI classification scans,2025-06-18
storage.s3.audit_bucket_name,Storage,[s3-audit-bucket-name],[s3-audit-bucket-name],[s3-audit-bucket-name],S3 bucket name for CloudTrail PHI audit log delivery,Yes,String,"Globally unique; medcore-cds-{env}-audit-{account-id} pattern",Confidential,Security Team,security.cloudtrail_trail_arn,S3 Object Lock Compliance mode; 7-year WORM retention; HIPAA §164.312(b) compliance bucket,2025-06-18
storage.s3.model_artefacts_bucket_name,Storage,[s3-model-artefacts-bucket-name],[s3-model-artefacts-bucket-name],[s3-model-artefacts-bucket-name],S3 bucket name for SageMaker model artefacts and training job outputs,Yes,String,"Globally unique; medcore-cds-{env}-models-{account-id} pattern",Confidential,Cloud CoE,solution.account_id,SageMaker Model Registry references this bucket; versioning enabled; KMS encrypted,2025-06-18
storage.s3.object_lock_retention_years,Storage,7,0,7,S3 Object Lock compliance retention period in years for the audit log bucket,Yes,Integer,1-100,Public,Security Team,storage.s3.audit_bucket_name,7-year WORM retention per HIPAA; Compliance mode prevents deletion even by bucket owner,2025-06-18
storage.s3.cross_region_replication_enabled,Storage,true,false,true,Enable S3 cross-region replication from us-east-1 to us-west-2 for all data lake buckets,Yes,Boolean,true|false,Public,Operations,storage.s3.datalake_bucket_name,Supports RPO ≤ 15 minutes target for multi-region DR; real-time replication in production,2025-06-18
storage.healthlake.datastore_id,Storage,[healthlake-datastore-id],[healthlake-datastore-id],[healthlake-datastore-id],Amazon HealthLake FHIR R4 datastore ID for PHI persistence and longitudinal patient records,Yes,String,Valid HealthLake datastore ID,Confidential,Cloud CoE,,HIPAA-eligible FHIR R4 datastore; daily FHIR export to S3 with Object Lock for 7-year retention,2025-06-18
storage.healthlake.fhir_version,Storage,R4,R4,R4,FHIR version for Amazon HealthLake datastore configuration,Yes,String,R4,Public,Cloud CoE,storage.healthlake.datastore_id,FHIR R4 required for Epic SMART on FHIR OAuth 2.0 integration per SOW scope,2025-06-18
storage.healthlake.active_storage_tb,Storage,1,0.1,1,Expected active FHIR store storage in TB at full 18-hospital utilization,Yes,Number,0.1-100.0,Public,Cloud CoE,storage.healthlake.datastore_id,1 TB active + 500 GB/month import per SOW scope parameters; review annually at full utilization,2025-06-18
storage.healthlake.retention_years,Storage,7,1,7,Minimum retention period in years for HealthLake FHIR patient data,Yes,Integer,1-10,Public,Security Team,storage.healthlake.datastore_id,HIPAA minimum 7-year retention; HealthLake exports backed up to S3 with Object Lock,2025-06-18
storage.redshift.cluster_identifier,Storage,medcore-cds-prod-redshift,medcore-cds-qa-redshift,medcore-cds-prod-redshift,Amazon Redshift cluster identifier for longitudinal outcomes warehouse,Yes,String,medcore-cds-{env}-redshift pattern,Confidential,Cloud CoE,solution.environment,ra3.xlplus single node; stores sepsis events and readmission instances for model performance monitoring,2025-06-18
storage.redshift.node_type,Storage,ra3.xlplus,dc2.large,ra3.xlplus,Amazon Redshift node type for the outcomes analytics warehouse,Yes,String,Valid Redshift node type,Public,Cloud CoE,storage.redshift.cluster_identifier,ra3.xlplus per detailed design compute sizing; Reserved Node pricing applied at steady state,2025-06-18
storage.redshift.snapshot_retention_days,Storage,7,1,7,Automated snapshot retention in days for Redshift cluster,Yes,Integer,1-35,Public,Cloud CoE,storage.redshift.cluster_identifier,Analytics only; no SLA impact on clinical workload; 7-day retention sufficient per data design,2025-06-18
integration.epic.fhir_base_url,Integration,[epic-fhir-base-url],[epic-fhir-base-url],[epic-fhir-base-url],Epic FHIR R4 API base URL for SMART on FHIR subscription events,Yes,String,Valid HTTPS URL,Confidential,Integration Team,,MedCore EHR Integration Lead must provision by Week 2 (critical path dependency per SOW),2025-06-18
integration.epic.oauth_token_url,Integration,[epic-oauth-token-url],[epic-oauth-token-url],[epic-oauth-token-url],Epic SMART on FHIR OAuth 2.0 token endpoint URL for FHIR connector authentication,Yes,String,Valid HTTPS URL,Confidential,Integration Team,integration.epic.fhir_base_url,OAuth 2.0 client credentials stored in Secrets Manager; 90-day token rotation configured,2025-06-18
integration.epic.cds_hooks_callback_url,Integration,[epic-cds-hooks-callback-url],[epic-cds-hooks-callback-url],[epic-cds-hooks-callback-url],Epic CDS Hooks 2.0 callback URL for writing risk score alerts back to the Epic workflow,Yes,String,Valid HTTPS URL,Confidential,Integration Team,integration.epic.fhir_base_url,Best-effort delivery; dashboard alert delivery is the primary SLA path per API design,2025-06-18
integration.epic.fhir_subscription_resources,Integration,"Observation,Encounter,MedicationRequest,DiagnosticReport","Observation,Encounter,MedicationRequest,DiagnosticReport","Observation,Encounter,MedicationRequest,DiagnosticReport",Comma-separated list of FHIR R4 resource types for Epic subscription events,Yes,List(String),Valid FHIR R4 resource type names,Public,Integration Team,integration.epic.fhir_base_url,Covers vitals and lab observations; encounter admissions; medication history; diagnostic results,2025-06-18
integration.epic.timeout_ms,Integration,10000,10000,10000,Timeout in milliseconds for Epic FHIR API calls from the Lambda connector,Yes,Integer,1000-60000,Public,Integration Team,integration.epic.fhir_base_url,10-second timeout; exponential back-off with 3 retries on transient failure per integration design,2025-06-18
integration.mirth.endpoint_url,Integration,[mirth-endpoint-url],[mirth-endpoint-url],[mirth-endpoint-url],Mirth Connect integration engine endpoint URL accessed via PrivateLink from AWS,Yes,String,Valid internal PrivateLink endpoint URL,Confidential,Integration Team,networking.privatelink_endpoints_enabled,On-premises Nashville DC; accessible via Direct Connect / PrivateLink; HL7 v2.3 MLLP over TCP/IP,2025-06-18
integration.mirth.hl7_message_types,Integration,"ADT_A01,ADT_A03,ADT_A08,ORU_R01","ADT_A01,ADT_A03,ADT_A08,ORU_R01","ADT_A01,ADT_A03,ADT_A08,ORU_R01",Comma-separated HL7 v2.3 message types consumed from Mirth Connect,Yes,List(String),Valid HL7 v2.3 message type identifiers,Public,Integration Team,integration.mirth.endpoint_url,ADT for patient movement events; ORU R01 for vitals observations from Philips/GE bedside monitors,2025-06-18
integration.sql_server.export_schedule_cron,Integration,"cron(0 7 * * ? *)","cron(0 7 * * ? *)","cron(0 7 * * ? *)",Cron expression for nightly readmission outcome export Lambda to on-premises SQL Server 2016,Yes,String,Valid AWS EventBridge cron expression,Public,Integration Team,,07:00 UTC = 02:00 ET; nightly by 02:00 ET; one-way append-only export per integration design,2025-06-18
integration.sql_server.endpoint,Integration,[sql-server-endpoint],[sql-server-endpoint],[sql-server-endpoint],On-premises SQL Server 2016 data warehouse JDBC endpoint for nightly readmission export,Yes,String,Valid JDBC connection string or hostname,Confidential,Integration Team,networking.direct_connect_bandwidth_gbps,Out-of-scope retained system; read-only nightly export; no PHI written back from SQL Server,2025-06-18
ml.kinesis.stream_name,ML Platform,medcore-cds-prod-events,medcore-cds-qa-events,medcore-cds-prod-events,Kinesis Data Streams stream name for real-time HL7 FHIR and HL7 v2.3 event ingestion,Yes,String,medcore-cds-{env}-events pattern,Confidential,Cloud CoE,solution.environment,10 shards provisioned with ≥ 30% headroom at 18-hospital peak load per detailed design,2025-06-18
ml.kinesis.shard_count,ML Platform,10,2,10,Number of Kinesis Data Streams shards for HL7 event ingestion pipeline,Yes,Integer,1-500,Public,Cloud CoE,ml.kinesis.stream_name,10 shards per SOW scope; supports 10M+ events/month and 2500+ concurrent inpatient records,2025-06-18
ml.kinesis.retention_hours,ML Platform,24,24,24,Kinesis Data Streams data retention period in hours,Yes,Integer,24-168,Public,Cloud CoE,ml.kinesis.stream_name,24-hour retention provides replay capability; enhances RPO for DR scenario recovery,2025-06-18
ml.kinesis.dlq_alarm_threshold,ML Platform,0,0,0,CloudWatch alarm threshold for Kinesis consumer dead-letter queue message depth,Yes,Integer,0-1000,Public,Operations,"ml.kinesis.stream_name, monitoring.cloudwatch.alarm_sns_topic",Any DLQ message triggers High severity alarm for out-of-band investigation per monitoring design,2025-06-18
ml.msk.cluster_name,ML Platform,medcore-cds-prod-kafka,medcore-cds-qa-kafka,medcore-cds-prod-kafka,Amazon MSK Kafka cluster name for internal event bus between ingestion and Feature Store pipeline,Yes,String,medcore-cds-{env}-kafka pattern,Confidential,Cloud CoE,solution.environment,3-broker cluster one per AZ; msk.m5.large per compute sizing; topic replication factor 3,2025-06-18
ml.msk.broker_count,ML Platform,3,1,3,Number of Amazon MSK brokers distributed one per Availability Zone,Yes,Integer,1-15,Public,Cloud CoE,ml.msk.cluster_name,Three brokers ensures no data loss on single-broker AZ failure; scale out at > 60% throughput,2025-06-18
ml.msk.broker_instance_type,ML Platform,kafka.m5.large,kafka.m5.large,kafka.m5.large,Amazon MSK broker instance type,Yes,String,Valid MSK instance type,Public,Cloud CoE,ml.msk.cluster_name,Reserved Instance pricing applied; scale to kafka.m5.xlarge if throughput exceeds 60%,2025-06-18
ml.msk.topic_partition_key,ML Platform,PatientID,PatientID,PatientID,Kafka topic partition key for MSK topics ensuring per-patient event ordering,Yes,String,Valid field name from canonical event schema,Public,Cloud CoE,ml.msk.cluster_name,PatientID partitioning guarantees ordering of events per patient for Feature Store pipeline,2025-06-18
ml.feature_store.online_feature_group_name,ML Platform,medcore-cds-patient-features-online,medcore-cds-patient-features-online,medcore-cds-patient-features-online,SageMaker Feature Store online feature group name for real-time inference feature retrieval,Yes,String,Valid SageMaker feature group name,Confidential,Cloud CoE,,Sub-millisecond read latency target; approximately 2500 active patient records at peak,2025-06-18
ml.feature_store.offline_feature_group_name,ML Platform,medcore-cds-patient-features-offline,medcore-cds-patient-features-offline,medcore-cds-patient-features-offline,SageMaker Feature Store offline feature group name for weekly model retraining workflow,Yes,String,Valid SageMaker feature group name,Confidential,Cloud CoE,storage.s3.model_artefacts_bucket_name,Historical feature snapshots consumed by SageMaker Pipelines weekly retraining schedule,2025-06-18
ml.feature_store.feature_completeness_threshold,ML Platform,0.8,0.7,0.8,Minimum feature completeness ratio below which a record is flagged as low_confidence and suppressed,Yes,Number,0.0-1.0,Public,Cloud CoE,ml.feature_store.online_feature_group_name,Records below threshold do not produce a risk score alert; suppresses alerts on sparse data,2025-06-18
ml.model.sepsis.auroc_threshold,ML Platform,0.85,0.80,0.85,Minimum AUROC required for sepsis model to be promoted to production via Model Registry,Yes,Number,0.0-1.0,Public,Cloud CoE,,AUROC ≥ 0.85 is a hard go-live gate per SOW; Clinical Informatics Lead sign-off required,2025-06-18
ml.model.sepsis.risk_score_alert_threshold,ML Platform,0.7,0.6,0.7,Sepsis risk score value above which an alert is generated and routed to clinical staff,Yes,Number,0.0-1.0,Public,Cloud CoE,ml.model.sepsis.auroc_threshold,Configurable by Clinical Informatics Lead; lower threshold increases sensitivity vs. specificity,2025-06-18
ml.model.retraining_schedule_cron,ML Platform,"cron(0 2 ? * SUN *)","cron(0 2 ? * SUN *)","cron(0 2 ? * SUN *)",Cron expression for weekly SageMaker Pipelines model retraining schedule,Yes,String,Valid AWS EventBridge cron expression,Public,Cloud CoE,,Sunday 02:00 UTC weekly retraining from offline Feature Store on ml.p3.2xlarge on-demand instance,2025-06-18
ml.model.registry_name,ML Platform,medcore-cds-model-registry,medcore-cds-model-registry,medcore-cds-model-registry,SageMaker Model Registry model package group name governing version promotion,Yes,String,Valid SageMaker model package group name,Public,Cloud CoE,storage.s3.model_artefacts_bucket_name,All 3 models registered here; blue/green deployment enforces Registry promotion before endpoint update,2025-06-18
ml.bedrock.model_id,ML Platform,anthropic.claude-3-sonnet-20240229-v1:0,anthropic.claude-3-haiku-20240307-v1:0,anthropic.claude-3-sonnet-20240229-v1:0,Amazon Bedrock Claude model ID for clinical narrative generation,Yes,String,Valid Bedrock model identifier,Public,Cloud CoE,,Claude 3 Sonnet in production for narrative quality; Haiku in QA for cost; < 1-second P95 target,2025-06-18
ml.bedrock.max_tokens,ML Platform,512,256,512,Maximum token count for Bedrock clinical narrative generation responses,Yes,Integer,1-4096,Public,Cloud CoE,ml.bedrock.model_id,512 tokens sufficient for bedside narrative summary; reduce further to lower cost and latency,2025-06-18
ml.bedrock.timeout_ms,ML Platform,1000,2000,1000,Timeout in milliseconds for Bedrock invocations within the 3-second end-to-end SLA budget,Yes,Integer,500-10000,Public,Cloud CoE,ml.bedrock.model_id,Fallback delivers alert without narrative if Bedrock exceeds 2s per risk mitigation design,2025-06-18
ml.bedrock.prompt_template_version,ML Platform,v1.0,v1.0,v1.0,Version identifier for the validated clinical narrative prompt template stored in SSM,Yes,String,Semantic versioning X.Y.Z,Public,Cloud CoE,,Prompt templates validated by Clinical Informatics Lead; stored and versioned in SSM Parameter Store,2025-06-18
ml.inference.latency_target_ms,ML Platform,3000,3000,3000,End-to-end inference latency target in milliseconds from Kinesis ingestion to alert dispatch at P95,Yes,Integer,1000-30000,Public,Cloud CoE,,Hard SLA per SOW; CI/CD auto-rollback triggered if P95 > 3000ms within 30 minutes of deployment,2025-06-18
ml.inference.sagemaker_latency_budget_ms,ML Platform,1500,2000,1500,SageMaker endpoint invocation latency budget in milliseconds within the overall 3-second SLA,Yes,Integer,500-5000,Public,Cloud CoE,ml.inference.latency_target_ms,Remaining budget: 300ms ingestion + 500ms feature extraction + 1000ms Bedrock + 200ms routing,2025-06-18
ml.inference.shap_enabled,ML Platform,true,true,true,Enable SHAP explainability computation inline with every SageMaker inference call,Yes,Boolean,true|false,Public,Cloud CoE,,Required for every alert per SOW mandate; SHAP adds ≤ 500ms within inference budget,2025-06-18
ml.concurrent_patients_max,ML Platform,2500,200,2500,Maximum number of simultaneously monitored active inpatient records at peak load,Yes,Integer,1-100000,Public,Cloud CoE,,Per SOW scope: > 2500 simultaneously monitored inpatients; auto-scaling absorbs burst load,2025-06-18
ml.inference_volume_monthly,ML Platform,10000000,500000,10000000,Expected monthly inference request volume across all active inpatients at full utilization,Yes,Integer,1-1000000000,Public,Cloud CoE,,10M+ per SOW scope across 18 hospitals; auto-scaling on SageMaker endpoints absorbs bursts,2025-06-18
monitoring.cloudwatch.alarm_sns_topic,Monitoring,[alarm-sns-topic-arn],[alarm-sns-topic-arn],[alarm-sns-topic-arn],SNS topic ARN for CloudWatch operational alarms routing to PagerDuty on-call rotation,Yes,String,Valid SNS ARN,Confidential,Operations,,Critical alarms page on-call immediately; High alarms email with 4-hour SLA per monitoring design,2025-06-18
monitoring.cloudwatch.dashboard_name,Monitoring,medcore-cds-prod-health,medcore-cds-qa-health,medcore-cds-prod-health,CloudWatch operational dashboard name for the CDS Platform,Yes,String,Non-empty string,Public,Operations,,Four dashboards provisioned: Ingestion Pipeline; ML Inference; Application; Compliance,2025-06-18
monitoring.cloudwatch.latency_alarm_threshold_ms,Monitoring,3000,5000,3000,SageMaker endpoint P95 latency alarm threshold in milliseconds triggering Critical alert,Yes,Integer,1000-30000,Public,Operations,monitoring.cloudwatch.alarm_sns_topic,Critical alarm if P95 > 3000ms for 2 consecutive 1-minute periods per alert definitions,2025-06-18
monitoring.cloudwatch.ecs_cpu_alarm_threshold_pct,Monitoring,80,90,80,ECS Fargate task CPU utilization alarm threshold percentage triggering High alert,Yes,Integer,1-100,Public,Operations,monitoring.cloudwatch.alarm_sns_topic,High alarm if CPU > 80% for 3 consecutive periods; investigate scale-out configuration,2025-06-18
monitoring.cloudwatch.alb_5xx_alarm_threshold_pct,Monitoring,5,10,5,ALB 5xx error rate percentage threshold for Critical platform unavailability alarm,Yes,Integer,1-100,Public,Operations,monitoring.cloudwatch.alarm_sns_topic,Critical alarm if 5xx > 5% for 3 consecutive 1-minute periods; initiate DR runbook,2025-06-18
monitoring.datadog.site,Monitoring,datadoghq.com,datadoghq.com,datadoghq.com,Datadog site endpoint for APM agent configuration on ECS tasks and SageMaker hosts,Yes,String,"datadoghq.com|datadoghq.eu",Public,Operations,,Datadog APM covers all 20 ECS and SageMaker hosts; PagerDuty on-call integration for hypercare,2025-06-18
monitoring.datadog.apm_enabled,Monitoring,true,false,true,Enable Datadog APM distributed tracing on ECS Fargate tasks and SageMaker endpoints,Yes,Boolean,true|false,Public,Operations,security.secrets_manager.datadog_api_key_arn,Complements AWS X-Ray; provides enhanced application-level traces and PagerDuty on-call routing,2025-06-18
monitoring.datadog.host_count,Monitoring,20,4,20,Number of hosts covered by Datadog APM subscription (ECS tasks + SageMaker instances),Yes,Integer,1-1000,Public,Operations,monitoring.datadog.apm_enabled,20 hosts per SOW cost model; Datadog partner credit applied in Year 1 for 4 months free,2025-06-18
monitoring.pagerduty.integration_key,Monitoring,[pagerduty-integration-key],[pagerduty-integration-key],[pagerduty-integration-key],PagerDuty routing key for SNS-to-PagerDuty on-call escalation,Yes,String,32-character alphanumeric PagerDuty routing key,Secret,Operations,monitoring.cloudwatch.alarm_sns_topic,Stored in Secrets Manager; used during hypercare; transitions to MedCore IT ops post-hypercare,2025-06-18
monitoring.xray_enabled,Monitoring,true,true,true,Enable AWS X-Ray distributed tracing for end-to-end inference path latency visibility,Yes,Boolean,true|false,Public,Operations,,Traces Kinesis consumer Lambda through Feature Store to SageMaker to Bedrock to EventBridge,2025-06-18
monitoring.quicksight.dashboard_name,Monitoring,medcore-cds-outcomes,medcore-cds-outcomes,medcore-cds-outcomes,Amazon QuickSight dashboard name for clinical outcomes and model performance monitoring,Yes,String,Non-empty string,Public,Operations,storage.redshift.cluster_identifier,Refreshed every 15 minutes; tracks sepsis mortality trends; false-positive rates; adoption metrics,2025-06-18
operations.backup.aurora_retention_days,Operations,35,7,35,RDS Aurora automated snapshot retention in days,Yes,Integer,1-35,Public,Operations,database.aurora.cluster_identifier,35-day maximum retention enables PITR; aligned to DR RPO ≤ 15 min and HIPAA audit requirements,2025-06-18
operations.backup.elasticache_retention_days,Operations,7,1,7,ElastiCache Redis automatic daily snapshot retention in days,Yes,Integer,1-35,Public,Operations,cache.elasticache.cluster_id,Cache re-populates from Feature Store within minutes; 7-day snapshot retention sufficient,2025-06-18
operations.backup.redshift_retention_days,Operations,7,1,7,Redshift automated snapshot retention in days for outcomes analytics warehouse,Yes,Integer,1-35,Public,Operations,storage.redshift.cluster_identifier,Analytics only; no SLA impact; 7-day retention adequate per data architecture design,2025-06-18
operations.dr.rto_hours,Operations,4,8,4,Recovery Time Objective in hours for regional failover to passive DR region (us-west-2),Yes,Integer,1-72,Public,Operations,solution.region.dr,Route 53 DNS failover in 30s; Aurora global DB promotion 15-30 min; full restore ≤ 4 hours,2025-06-18
operations.dr.rpo_minutes,Operations,15,60,15,Recovery Point Objective in minutes for maximum acceptable data loss in regional failover,Yes,Integer,1-1440,Public,Operations,storage.s3.cross_region_replication_enabled,Based on HealthLake export frequency + Aurora cross-region replication lag; validated by DR drill,2025-06-18
operations.dr.failover_test_schedule,Operations,annual,annual,annual,Frequency of scheduled regional failover DR drills to validate RTO and RPO targets,Yes,String,"annual|semi-annual|quarterly",Public,Operations,solution.region.dr,Annual DR drill in staging; results documented in Test Results Report; pass criteria per SOW,2025-06-18
operations.ci_cd.pipeline_name,Operations,medcore-cds-prod-deploy,medcore-cds-qa-deploy,medcore-cds-prod-deploy,AWS CodePipeline pipeline name for application and SageMaker model endpoint deployments,Yes,String,medcore-cds-{env}-deploy pattern,Public,Cloud CoE,solution.environment,Blue/green deployment for all SageMaker endpoint and ECS task definition updates,2025-06-18
operations.ci_cd.rollback_latency_threshold_ms,Operations,3000,5000,3000,P95 latency threshold in milliseconds that triggers automatic CI/CD rollback within 30 minutes of deployment,Yes,Integer,1000-30000,Public,Cloud CoE,operations.ci_cd.pipeline_name,Automated rollback protects clinical safety; restores previous Model Registry version in ≤ 15 min,2025-06-18
operations.ci_cd.snyk_scanning_enabled,Operations,true,true,true,Enable Snyk container security scanning in CI/CD pipeline for ECS workloads,Yes,Boolean,true|false,Public,Cloud CoE,,Blocks deployment on Critical or High CVEs; shift-left HIPAA security posture per security design,2025-06-18
operations.scaling.sagemaker_cpu_threshold_pct,Operations,70,80,70,SageMaker endpoint CPU utilization percentage threshold triggering auto-scale-out,Yes,Integer,1-100,Public,Cloud CoE,,Scale-out on SageMakerVariantInvocationsPerInstance metric; maintains headroom for latency SLA,2025-06-18
operations.alert_duplicate_suppression_minutes,Operations,30,30,30,Minutes within which duplicate alerts of the same type for the same patient are suppressed,Yes,Integer,1-120,Public,Cloud CoE,cache.elasticache.cluster_id,Configurable per alert type via SSM Parameter Store; reduces nursing alert fatigue per SOW goal,2025-06-18
operations.facility_count,Operations,18,1,18,Number of hospitals in scope for CDS Platform rollout per SOW engagement scope,Yes,Integer,1-100,Public,Cloud CoE,,18 hospitals + 60+ outpatient clinics; Phase 3 completes full rollout by 2027-06-30 per SOW M8,2025-06-18
operations.clinical_users_mau,Operations,4200,100,4200,Monthly active clinical users across all facilities (nurses + physicians + administrators),Yes,Integer,1-100000,Public,Cloud CoE,security.cognito.user_pool_id,4200 MAU per SOW scope; Cognito auto-scales; adoption target ≥ 75% per facility within 90 days,2025-06-18
operations.compliance.config_remediation_critical_hours,Operations,24,24,24,Maximum hours to remediate a Critical AWS Config non-compliant finding per governance SLA,Yes,Integer,1-168,Public,Security Team,security.config_enabled,Critical compliance findings remediated within 24 hours per SOW Governance section,2025-06-18
operations.compliance.config_remediation_high_days,Operations,7,14,7,Maximum days to remediate a High AWS Config non-compliant finding per governance SLA,Yes,Integer,1-90,Public,Security Team,security.config_enabled,High findings remediated within 7 days; Medium within 30 days per governance SLA,2025-06-18
operations.access_review_cadence_days,Operations,60,60,60,Frequency in days of access review for Cognito role assignments and IAM policies,Yes,Integer,30-365,Public,Security Team,security.cognito.user_pool_id,60-day cadence during rollout; annual post-GA; ensures role assignments remain accurate as staff changes,2025-06-18
operations.hypercare_duration_weeks,Operations,8,0,8,Post-GA hypercare support duration in weeks with 1-hour Critical incident response SLA,Yes,Integer,1-52,Public,Cloud CoE,,8-week hypercare per SOW; Critical defined as patient safety impact or platform unavailability,2025-06-18
